GwangJu,1874
GwangJu,1875
GwangJu,1875
GwangJu,1875
GwangJu,1885
GwangJu,1885
GwangJu,1895
GwangJu,1895
GwangJu,1895
GwangJu,1895
GwangJu,1897
GwangJu,1897
GwangJu,1899
GwangJu,1910
GwangJu,1910
GwangJu,1895
GwangJu,1895
GwangJu,1995
GwangJu,1899
GwangJu,1909
GwangJu,1895
GwangJu,1909
GwangJu,1911
GwangJu,1935
GwangJu,1959
GwangJu,1930
GwangJu,1949
GwangJu,1949
GwangJu,1959
GwangJu,1941
GwangJu,1894
GwangJu,1894
GwangJu,1905
GwangJu,1895
GwangJu,1895
GwangJu,1897
GwangJu,1918
GwangJu,1899
GwangJu,1899
GwangJu,1915
GwangJu,1915
GwangJu,1915
GwangJu,1915
GwangJu,1915
GwangJu,1912
GwangJu,1919
GwangJu,1919
GwangJu,1909
GwangJu,1909
GwangJu,1909
GwangJu,1915
GwangJu,1915
GwangJu,1925
GwangJu,1925
GwangJu,1925
GwangJu,1917
GwangJu,1919
GwangJu,1919
GwangJu,1919
GwangJu,1892
GwangJu,1919
GwangJu,1979
GwangJu,1955
GwangJu,1955
GwangJu,1947
GwangJu,1949
GwangJu,1959
GwangJu,1929
GwangJu,2070
GwangJu,1958
GwangJu,1959
GwangJu,1959
GwangJu,1959
GwangJu,1959
GwangJu,1964
GwangJu,1949
GwangJu,1969
GwangJu,1987
GwangJu,1965
GwangJu,1999
SunCheon,1854
SunCheon,1845
SunCheon,1869
SunCheon,1860
SunCheon,1875
SunCheon,1875
SunCheon,1875
SunCheon,1877
SunCheon,1877
SunCheon,1863
SunCheon,1863
SunCheon,1988
SunCheon,1879
SunCheon,1879
SunCheon,1879
SunCheon,1879
SunCheon,1885
SunCheon,1884
SunCheon,1885
SunCheon,1938
SunCheon,1937
SunCheon,1889
SunCheon,1905
SunCheon,1905
SunCheon,1894
SunCheon,1897
SunCheon,1898
SunCheon,1898
SunCheon,1898
SunCheon,1899
SunCheon,1899
SunCheon,1919
SunCheon,1919
SunCheon,1919
SunCheon,1919
SunCheon,1899
SunCheon,1914
SunCheon,1929
SunCheon,1922
SunCheon,1915
SunCheon,1919
SunCheon,1925
SunCheon,1953
SunCheon,1918
SunCheon,1938
SunCheon,1938
SunCheon,1939
SunCheon,1929
SunCheon,1921
SunCheon,1919
SunCheon,1921
SunCheon,1921
SunCheon,1949
SunCheon,1940
SunCheon,1958
SunCheon,1979
SunCheon,1953
SunCheon,1968
SunCheon,1959
SunCheon,1960
SunCheon,1946
SunCheon,1956
SunCheon,1968
SunCheon,1948
SunCheon,1968
SunCheon,1968
SunCheon,1968
SunCheon,1968
SunCheon,1969
SunCheon,1969
SunCheon,1969
SunCheon,1919
SunCheon,1901
SunCheon,1967
SunCheon,1955
SunCheon,1968
SunCheon,1989
SunCheon,1998
SunCheon,1867
SunCheon,1998
